Workbook

Sheet How to use
A1: Seed Library — Phase 0 genetics sandbox
A3: The cheapest possible test of the breeding loop: no code, no art. Cross two
A4: plants by hand and ask one question — does crossing feel EARNED, or random?
A6: The model (see the Model tab for detail):
A7: • Every gene is diploid — two hidden alleles. A plant carries what it doesn't show.
A8: • Smooth traits (hue, sat, scent, hardiness, size) are polygenic — several loci summed,
A9: so stacking good alleles from both parents can beat either parent (transgressive breeding).
A10: • Discrete traits (petal, thorns) are Mendelian with ranked dominance; recessives hide.
A11: • hardiness & flower_size are LINKED (antagonistic) — inherited together, rarely split.
A12: • Variation is emergent from allele reshuffling — no fudge randomness.
A14: How to play:
A15: 1. On the CROSS tab, set Parent 1 ID and Parent 2 ID (any ID from the Plants tab).
... A28: The 'carrying ?' flag rehearses start-legibility: it warns a plant hides something, not what.

Sheet Model
A1: The genetic model
A3: Trait | B3: Type | C3: Loci | D3: Allele range | E3: Expressed value | F3: Notes
A4: hue | B4: continuous (polygenic) | C4: 3 diploid | D4: 0–60 each | E4: sum of 6 alleles (0–360) | F4: blue ≈ 220–240
A5: sat | B5: continuous (polygenic) | C5: 2 diploid | D5: 0–25 each | E5: sum of 4 alleles (0–100)
A6: scent | B6: continuous (polygenic) | C6: 2 diploid | D6: 0–25 each | E6: sum of 4 alleles (0–100)
A7: hardiness | B7: continuous (linked) | C7: 1 diploid | D7: 0–100 / segment | E7: avg of 2 segments | F7: LINKED to flower_size
A8: flower_size | B8: continuous (linked) | C8: 1 diploid | D8: 0–100 / segment | E8: avg of 2 segments | F8: LINKED to hardiness
A9: petal | B9: discrete | C9: 1 diploid | D9: F, R, S | E9: highest rank present | F9: dominance F > R > S
A10: thorns | B10: discrete | C10: 1 diploid | D10: T, n | E10: thorny if any T | F10: T dominant, n (thornless) recessive
A13: Inheritance: each parent passes ONE random allele per locus (Mendel); the child gets one from each.
A14: True-breeding: a plant whose two alleles match at every locus breeds true. Heterozygotes segregate.
A15: Linkage: hardiness & flower_size ride on the same chromosome and are inherited together. Each cross
A16: has a small crossover chance (default 5%, editable on the Cross tab) to split the pair — that
A17: rare event is how a late-game 'hardy AND showy' plant is finally bred. Breakable, but earned.
A18: Environment: deferred. A tiny non-heritable 'wobble ±' knob (default 0) stands in for the Phase-1
A19: system; it nudges the shown value only, never the genes.
A20: Offspring per cross: 3–5 seeds to select from (this sheet rolls 5).

Sheet Plants
A1: Plants — your library (8 wild + room to keep what you breed) | C1: ◀ hidden genotype (two alleles per gene) | Y1: ◀ what you see
A2: ID | B2: Name | C2: H1a | D2: H1b | E2: H2a | F2: H2b | G2: H3a | H2: H3b | I2: S1a | J2: S1b | K2: S2a | L2: S2b | M2: C1a | N2: C1b | O2: C2a | P2: C2b | Q2: PFa | R2: PFb | S2: THa | T2: THb | U2: segA_hard | V2: segA_size | W2: segB_hard | X2: segB_size | Y2: hue (0-360) | Z2: sat (0-100) | AA2: scent (0-100) | AB2: petal | AC2: thorns | AD2: hardiness | AE2: flower_size | AF2: carrying?
A3: WILD-01 | B3: Ridge Thistle (hardiness) | C3: 20 | D3: 20 | E3: 20 | F3: 20 | G3: 20 | H3: 20 | I3: 5 | J3: 5 | K3: 5 | L3: 5 | M3: 3 | N3: 3 | O3: 3 | P3: 3 | Q3: S | R3: S | S3: T | T3: T | U3: 86 | V3: 14 | W3: 86 | X3: 14 | Y3: =IF($A3="","",SUM(C3:H3)) | Z3: =IF($A3="","",SUM(I3:L3)) | AA3: =IF($A3="","",SUM(M3:P3)) | AB3: =IF($A3="","",IF(IF(Q3="F",3,IF(Q3="R",2,1))>=IF(R3="F",3,IF(R3="R",2,1)),Q3,R3)) | AC3: =IF($A3="","",IF(OR(S3="T",T3="T"),"thorny","thornless")) | AD3: =IF($A3="","",AVERAGE(U3,W3)) | AE3: =IF($A3="","",AVERAGE(V3,X3)) | AF3: =IF($A3="","",IF(OR(C3<>D3,E3<>F3,G3<>H3,I3<>J3,K3<>L3,M3<>N3,O3<>P3,Q3<>R3,S3<>T3,U3<>W3,V3<>X3),"carrying ?","true-breeding"))
A4: WILD-02 | B4: Valley Peony (flower size) | C4: 22 | D4: 22 | E4: 22 | F4: 22 | G4: 21 | H4: 21 | I4: 6 | J4: 6 | K4: 6 | L4: 6 | M4: 3 | N4: 3 | O4: 3 | P4: 3 | Q4: R | R4: R | S4: T | T4: T | U4: 14 | V4: 89 | W4: 14 | X4: 89 | Y4: =IF($A4="","",SUM(C4:H4)) | Z4: =IF($A4="","",SUM(I4:L4)) | AA4: =IF($A4="","",SUM(M4:P4)) | AB4: =IF($A4="","",IF(IF(Q4="F",3,IF(Q4="R",2,1))>=IF(R4="F",3,IF(R4="R",2,1)),Q4,R4)) | AC4: =IF($A4="","",IF(OR(S4="T",T4="T"),"thorny","thornless")) | AD4: =IF($A4="","",AVERAGE(U4,W4)) | AE4: =IF($A4="","",AVERAGE(V4,X4)) | AF4: =IF($A4="","",IF(OR(C4<>D4,E4<>F4,G4<>H4,I4<>J4,K4<>L4,M4<>N4,O4<>P4,Q4<>R4,S4<>T4,U4<>W4,V4<>X4),"carrying ?","true-breeding"))
A5: WILD-03 | B5: Cobalt Star (blue colour) | C5: 38 | D5: 38 | E5: 38 | F5: 38 | G5: 39 | H5: 39 | I5: 24 | J5: 24 | K5: 24 | L5: 24 | M5: 3 | N5: 3 | O5: 3 | P5: 3 | Q5: S | R5: S | S5: T | T5: n | U5: 21 | V5: 21 | W5: 21 | X5: 21 | Y5: =IF($A5="","",SUM(C5:H5)) | Z5: =IF($A5="","",SUM(I5:L5)) | AA5: =IF($A5="","",SUM(M5:P5)) | AB5: =IF($A5="","",IF(IF(Q5="F",3,IF(Q5="R",2,1))>=IF(R5="F",3,IF(R5="R",2,1)),Q5,R5)) | AC5: =IF($A5="","",IF(OR(S5="T",T5="T"),"thorny","thornless")) | AD5: =IF($A5="","",AVERAGE(U5,W5)) | AE5: =IF($A5="","",AVERAGE(V5,X5)) | AF5: =IF($A5="","",IF(OR(C5<>D5,E5<>F5,G5<>H5,I5<>J5,K5<>L5,M5<>N5,O5<>P5,Q5<>R5,S5<>T5,U5<>W5,V5<>X5),"carrying ?","true-breeding"))
A6: WILD-04 | B6: Nightbloom (scent) | C6: 48 | D6: 48 | E6: 47 | F6: 47 | G6: 47 | H6: 47 | I6: 10 | J6: 10 | K6: 10 | L6: 10 | M6: 24 | N6: 24 | O6: 24 | P6: 24 | Q6: F | R6: F | S6: T | T6: T | U6: 19 | V6: 19 | W6: 19 | X6: 19 | Y6: =IF($A6="","",SUM(C6:H6)) | Z6: =IF($A6="","",SUM(I6:L6)) | AA6: =IF($A6="","",SUM(M6:P6)) | AB6: =IF($A6="","",IF(IF(Q6="F",3,IF(Q6="R",2,1))>=IF(R6="F",3,IF(R6="R",2,1)),Q6,R6)) | AC6: =IF($A6="","",IF(OR(S6="T",T6="T"),"thorny","thornless")) | AD6: =IF($A6="","",AVERAGE(U6,W6)) | AE6: =IF($A6="","",AVERAGE(V6,X6)) | AF6: =IF($A6="","",IF(OR(C6<>D6,E6<>F6,G6<>H6,I6<>J6,K6<>L6,M6<>N6,O6<>P6,Q6<>R6,S6<>T6,U6<>W6,V6<>X6),"carrying ?","true-breeding"))
A7: WILD-05 | B7: Sunfrill (warm & saturated) | C7: 7 | D7: 7 | E7: 7 | F7: 7 | G7: 6 | H7: 6 | I7: 24 | J7: 24 | K7: 24 | L7: 24 | M7: 8 | N7: 8 | O7: 7 | P7: 7 | Q7: F | R7: F | S7: T | T7: T | U7: 27 | V7: 28 | W7: 27 | X7: 28 | Y7: =IF($A7="","",SUM(C7:H7)) | Z7: =IF($A7="","",SUM(I7:L7)) | AA7: =IF($A7="","",SUM(M7:P7)) | AB7: =IF($A7="","",IF(IF(Q7="F",3,IF(Q7="R",2,1))>=IF(R7="F",3,IF(R7="R",2,1)),Q7,R7)) | AC7: =IF($A7="","",IF(OR(S7="T",T7="T"),"thorny","thornless")) | AD7: =IF($A7="","",AVERAGE(U7,W7)) | AE7: =IF($A7="","",AVERAGE(V7,X7)) | AF7: =IF($A7="","",IF(OR(C7<>D7,E7<>F7,G7<>H7,I7<>J7,K7<>L7,M7<>N7,O7<>P7,Q7<>R7,S7<>T7,U7<>W7,V7<>X7),"carrying ?","true-breeding"))
A8: WILD-06 | B8: Thornless Meadow (thornless donor) | C8: 30 | D8: 30 | E8: 30 | F8: 30 | G8: 30 | H8: 30 | I8: 13 | J8: 13 | K8: 12 | L8: 12 | M8: 10 | N8: 10 | O8: 10 | P8: 10 | Q8: R | R8: R | S8: n | T8: n | U8: 43 | V8: 42 | W8: 43 | X8: 42 | Y8: =IF($A8="","",SUM(C8:H8)) | Z8: =IF($A8="","",SUM(I8:L8)) | AA8: =IF($A8="","",SUM(M8:P8)) | AB8: =IF($A8="","",IF(IF(Q8="F",3,IF(Q8="R",2,1))>=IF(R8="F",3,IF(R8="R",2,1)),Q8,R8)) | AC8: =IF($A8="","",IF(OR(S8="T",T8="T"),"thorny","thornless")) | AD8: =IF($A8="","",AVERAGE(U8,W8)) | AE8: =IF($A8="","",AVERAGE(V8,X8)) | AF8: =IF($A8="","",IF(OR(C8<>D8,E8<>F8,G8<>H8,I8<>J8,K8<>L8,M8<>N8,O8<>P8,Q8<>R8,S8<>T8,U8<>W8,V8<>X8),"carrying ?","true-breeding"))
A9: WILD-07 | B9: Dwarf Alpine (hardiness, carries star) | C9: 25 | D9: 25 | E9: 25 | F9: 25 | G9: 25 | H9: 25 | I9: 6 | J9: 6 | K9: 6 | L9: 6 | M9: 4 | N9: 4 | O9: 4 | P9: 4 | Q9: R | R9: S | S9: T | T9: T | U9: 81 | V9: 17 | W9: 81 | X9: 17 | Y9: =IF($A9="","",SUM(C9:H9)) | Z9: =IF($A9="","",SUM(I9:L9)) | AA9: =IF($A9="","",SUM(M9:P9)) | AB9: =IF($A9="","",IF(IF(Q9="F",3,IF(Q9="R",2,1))>=IF(R9="F",3,IF(R9="R",2,1)),Q9,R9)) | AC9: =IF($A9="","",IF(OR(S9="T",T9="T"),"thorny","thornless")) | AD9: =IF($A9="","",AVERAGE(U9,W9)) | AE9: =IF($A9="","",AVERAGE(V9,X9)) | AF9: =IF($A9="","",IF(OR(C9<>D9,E9<>F9,G9<>H9,I9<>J9,K9<>L9,M9<>N9,O9<>P9,Q9<>R9,S9<>T9,U9<>W9,V9<>X9),"carrying ?","true-breeding"))
A10: WILD-08 | B10: Blush Climber (mild all-rounder) | C10: 55 | D10: 55 | E10: 55 | F10: 55 | G10: 55 | H10: 55 | I10: 11 | J10: 11 | K10: 11 | L10: 11 | M10: 8 | N10: 8 | O10: 7 | P10: 7 | Q10: R | R10: R | S10: T | T10: n | U10: 34 | V10: 37 | W10: 34 | X10: 37 | Y10: =IF($A10="","",SUM(C10:H10)) | Z10: =IF($A10="","",SUM(I10:L10)) | AA10: =IF($A10="","",SUM(M10:P10)) | AB10: =IF($A10="","",IF(IF(Q10="F",3,IF(Q10="R",2,1))>=IF(R10="F",3,IF(R10="R",2,1)),Q10,R10)) | AC10: =IF($A10="","",IF(OR(S10="T",T10="T"),"thorny","thornless")) | AD10: =IF($A10="","",AVERAGE(U10,W10)) | AE10: =IF($A10="","",AVERAGE(V10,X10)) | AF10: =IF($A10="","",IF(OR(C10<>D10,E10<>F10,G10<>H10,I10<>J10,K10<>L10,M10<>N10,O10<>P10,Q10<>R10,S10<>T10,U10<>W10,V10<>X10),"carrying ?","true-breeding"))
Y11: =IF($A11="","",SUM(C11:H11)) | Z11: =IF($A11="","",SUM(I11:L11)) | AA11: =IF($A11="","",SUM(M11:P11)) | AB11: =IF($A11="","",IF(IF(Q11="F",3,IF(Q11="R",2,1))>=IF(R11="F",3,IF(R11="R",2,1)),Q11,R11)) | AC11: =IF($A11="","",IF(OR(S11="T",T11="T"),"thorny","thornless")) | AD11: =IF($A11="","",AVERAGE(U11,W11)) | AE11: =IF($A11="","",AVERAGE(V11,X11)) | AF11: =IF($A11="","",IF(OR(C11<>D11,E11<>F11,G11<>H11,I11<>J11,K11<>L11,M11<>N11,O11<>P11,Q11<>R11,S11<>T11,U11<>W11,V11<>X11),"carrying ?","true-breeding"))
Y12: =IF($A12="","",SUM(C12:H12)) | Z12: =IF($A12="","",SUM(I12:L12)) | AA12: =IF($A12="","",SUM(M12:P12)) | AB12: =IF($A12="","",IF(IF(Q12="F",3,IF(Q12="R",2,1))>=IF(R12="F",3,IF(R12="R",2,1)),Q12,R12)) | AC12: =IF($A12="","",IF(OR(S12="T",T12="T"),"thorny","thornless")) | AD12: =IF($A12="","",AVERAGE(U12,W12)) | AE12: =IF($A12="","",AVERAGE(V12,X12)) | AF12: =IF($A12="","",IF(OR(C12<>D12,E12<>F12,G12<>H12,I12<>J12,K12<>L12,M12<>N12,O12<>P12,Q12<>R12,S12<>T12,U12<>W12,V12<>X12),"carrying ?","true-breeding"))
Y13: =IF($A13="","",SUM(C13:H13)) | Z13: =IF($A13="","",SUM(I13:L13)) | AA13: =IF($A13="","",SUM(M13:P13)) | AB13: =IF($A13="","",IF(IF(Q13="F",3,IF(Q13="R",2,1))>=IF(R13="F",3,IF(R13="R",2,1)),Q13,R13)) | AC13: =IF($A13="","",IF(OR(S13="T",T13="T"),"thorny","thornless")) | AD13: =IF($A13="","",AVERAGE(U13,W13)) | AE13: =IF($A13="","",AVERAGE(V13,X13)) | AF13: =IF($A13="","",IF(OR(C13<>D13,E13<>F13,G13<>H13,I13<>J13,K13<>L13,M13<>N13,O13<>P13,Q13<>R13,S13<>T13,U13<>W13,V13<>X13),"carrying ?","true-breeding"))
Y14: =IF($A14="","",SUM(C14:H14)) | Z14: =IF($A14="","",SUM(I14:L14)) | AA14: =IF($A14="","",SUM(M14:P14)) | AB14: =IF($A14="","",IF(IF(Q14="F",3,IF(Q14="R",2,1))>=IF(R14="F",3,IF(R14="R",2,1)),Q14,R14)) | AC14: =IF($A14="","",IF(OR(S14="T",T14="T"),"thorny","thornless")) | AD14: =IF($A14="","",AVERAGE(U14,W14)) | AE14: =IF($A14="","",AVERAGE(V14,X14)) | AF14: =IF($A14="","",IF(OR(C14<>D14,E14<>F14,G14<>H14,I14<>J14,K14<>L14,M14<>N14,O14<>P14,Q14<>R14,S14<>T14,U14<>W14,V14<>X14),"carrying ?","true-breeding"))
Y15: =IF($A15="","",SUM(C15:H15)) | Z15: =IF($A15="","",SUM(I15:L15)) | AA15: =IF($A15="","",SUM(M15:P15)) | AB15: =IF($A15="","",IF(IF(Q15="F",3,IF(Q15="R",2,1))>=IF(R15="F",3,IF(R15="R",2,1)),Q15,R15)) | AC15: =IF($A15="","",IF(OR(S15="T",T15="T"),"thorny","thornless")) | AD15: =IF($A15="","",AVERAGE(U15,W15)) | AE15: =IF($A15="","",AVERAGE(V15,X15)) | AF15: =IF($A15="","",IF(OR(C15<>D15,E15<>F15,G15<>H15,I15<>J15,K15<>L15,M15<>N15,O15<>P15,Q15<>R15,S15<>T15,U15<>W15,V15<>X15),"carrying ?","true-breeding"))
Y16: =IF($A16="","",SUM(C16:H16)) | Z16: =IF($A16="","",SUM(I16:L16)) | AA16: =IF($A16="","",SUM(M16:P16)) | AB16: =IF($A16="","",IF(IF(Q16="F",3,IF(Q16="R",2,1))>=IF(R16="F",3,IF(R16="R",2,1)),Q16,R16)) | AC16: =IF($A16="","",IF(OR(S16="T",T16="T"),"thorny","thornless")) | AD16: =IF($A16="","",AVERAGE(U16,W16)) | AE16: =IF($A16="","",AVERAGE(V16,X16)) | AF16: =IF($A16="","",IF(OR(C16<>D16,E16<>F16,G16<>H16,I16<>J16,K16<>L16,M16<>N16,O16<>P16,Q16<>R16,S16<>T16,U16<>W16,V16<>X16),"carrying ?","true-breeding"))
Y17: =IF($A17="","",SUM(C17:H17)) | Z17: =IF($A17="","",SUM(I17:L17)) | AA17: =IF($A17="","",SUM(M17:P17)) | AB17: =IF($A17="","",IF(IF(Q17="F",3,IF(Q17="R",2,1))>=IF(R17="F",3,IF(R17="R",2,1)),Q17,R17)) | AC17: =IF($A17="","",IF(OR(S17="T",T17="T"),"thorny","thornless")) | AD17: =IF($A17="","",AVERAGE(U17,W17)) | AE17: =IF($A17="","",AVERAGE(V17,X17)) | AF17: =IF($A17="","",IF(OR(C17<>D17,E17<>F17,G17<>H17,I17<>J17,K17<>L17,M17<>N17,O17<>P17,Q17<>R17,S17<>T17,U17<>W17,V17<>X17),"carrying ?","true-breeding"))
Y18: =IF($A18="","",SUM(C18:H18)) | Z18: =IF($A18="","",SUM(I18:L18)) | AA18: =IF($A18="","",SUM(M18:P18)) | AB18: =IF($A18="","",IF(IF(Q18="F",3,IF(Q18="R",2,1))>=IF(R18="F",3,IF(R18="R",2,1)),Q18,R18)) | AC18: =IF($A18="","",IF(OR(S18="T",T18="T"),"thorny","thornless")) | AD18: =IF($A18="","",AVERAGE(U18,W18)) | AE18: =IF($A18="","",AVERAGE(V18,X18)) | AF18: =IF($A18="","",IF(OR(C18<>D18,E18<>F18,G18<>H18,I18<>J18,K18<>L18,M18<>N18,O18<>P18,Q18<>R18,S18<>T18,U18<>W18,V18<>X18),"carrying ?","true-breeding"))
Y19: =IF($A19="","",SUM(C19:H19)) | Z19: =IF($A19="","",SUM(I19:L19)) | AA19: =IF($A19="","",SUM(M19:P19)) | AB19: =IF($A19="","",IF(IF(Q19="F",3,IF(Q19="R",2,1))>=IF(R19="F",3,IF(R19="R",2,1)),Q19,R19)) | AC19: =IF($A19="","",IF(OR(S19="T",T19="T"),"thorny","thornless")) | AD19: =IF($A19="","",AVERAGE(U19,W19)) | AE19: =IF($A19="","",AVERAGE(V19,X19)) | AF19: =IF($A19="","",IF(OR(C19<>D19,E19<>F19,G19<>H19,I19<>J19,K19<>L19,M19<>N19,O19<>P19,Q19<>R19,S19<>T19,U19<>W19,V19<>X19),"carrying ?","true-breeding"))
Y20: =IF($A20="","",SUM(C20:H20)) | Z20: =IF($A20="","",SUM(I20:L20)) | AA20: =IF($A20="","",SUM(M20:P20)) | AB20: =IF($A20="","",IF(IF(Q20="F",3,IF(Q20="R",2,1))>=IF(R20="F",3,IF(R20="R",2,1)),Q20,R20)) | AC20: =IF($A20="","",IF(OR(S20="T",T20="T"),"thorny","thornless")) | AD20: =IF($A20="","",AVERAGE(U20,W20)) | AE20: =IF($A20="","",AVERAGE(V20,X20)) | AF20: =IF($A20="","",IF(OR(C20<>D20,E20<>F20,G20<>H20,I20<>J20,K20<>L20,M20<>N20,O20<>P20,Q20<>R20,S20<>T20,U20<>W20,V20<>X20),"carrying ?","true-breeding"))
Y21: =IF($A21="","",SUM(C21:H21)) | Z21: =IF($A21="","",SUM(I21:L21)) | AA21: =IF($A21="","",SUM(M21:P21)) | AB21: =IF($A21="","",IF(IF(Q21="F",3,IF(Q21="R",2,1))>=IF(R21="F",3,IF(R21="R",2,1)),Q21,R21)) | AC21: =IF($A21="","",IF(OR(S21="T",T21="T"),"thorny","thornless")) | AD21: =IF($A21="","",AVERAGE(U21,W21)) | AE21: =IF($A21="","",AVERAGE(V21,X21)) | AF21: =IF($A21="","",IF(OR(C21<>D21,E21<>F21,G21<>H21,I21<>J21,K21<>L21,M21<>N21,O21<>P21,Q21<>R21,S21<>T21,U21<>W21,V21<>X21),"carrying ?","true-breeding"))
Y22: =IF($A22="","",SUM(C22:H22)) | Z22: =IF($A22="","",SUM(I22:L22)) | AA22: =IF($A22="","",SUM(M22:P22)) | AB22: =IF($A22="","",IF(IF(Q22="F",3,IF(Q22="R",2,1))>=IF(R22="F",3,IF(R22="R",2,1)),Q22,R22)) | AC22: =IF($A22="","",IF(OR(S22="T",T22="T"),"thorny","thornless")) | AD22: =IF($A22="","",AVERAGE(U22,W22)) | AE22: =IF($A22="","",AVERAGE(V22,X22)) | AF22: =IF($A22="","",IF(OR(C22<>D22,E22<>F22,G22<>H22,I22<>J22,K22<>L22,M22<>N22,O22<>P22,Q22<>R22,S22<>T22,U22<>W22,V22<>X22),"carrying ?","true-breeding"))
... Y24: =IF($A24="","",SUM(C24:H24)) | Z24: =IF($A24="","",SUM(I24:L24)) | AA24: =IF($A24="","",SUM(M24:P24)) | AB24: =IF($A24="","",IF(IF(Q24="F",3,IF(Q24="R",2,1))>=IF(R24="F",3,IF(R24="R",2,1)),Q24,R24)) | AC24: =IF($A24="","",IF(OR(S24="T",T24="T"),"thorny","thornless")) | AD24: =IF($A24="","",AVERAGE(U24,W24)) | AE24: =IF($A24="","",AVERAGE(V24,X24)) | AF24: =IF($A24="","",IF(OR(C24<>D24,E24<>F24,G24<>H24,I24<>J24,K24<>L24,M24<>N24,O24<>P24,Q24<>R24,S24<>T24,U24<>W24,V24<>X24),"carrying ?","true-breeding"))

Sheet Cross
A1: Cross — pick two parents, read the handful of seeds
A3: Parent 1 ID | B3: WILD-03 | D3: → use any ID from the Plants tab. Press F9 (Excel: Ctrl+Shift+F9) to roll a fresh handful.
A4: Parent 2 ID | B4: WILD-01 | D4: → Keep one: copy its C–X cells, Paste-Special Values into an empty Plants row, add an ID.
A5: Crossover prob. | B5: 0.05
A6: Env. wobble ± | B6: 0
A8: Target: saturated blue + thornless (hue 220–240, sat > 80, thorns = thornless)
A10: role | B10: source | C10: H1a | D10: H1b | E10: H2a | F10: H2b | G10: H3a | H10: H3b | I10: S1a | J10: S1b | K10: S2a | L10: S2b | M10: C1a | N10: C1b | O10: C2a | P10: C2b | Q10: PFa | R10: PFb | S10: THa | T10: THb | U10: segA_hard | V10: segA_size | W10: segB_hard | X10: segB_size | Y10: hue (0-360) | Z10: sat (0-100) | AA10: scent (0-100) | AB10: petal | AC10: thorns | AD10: hardiness | AE10: flower_size | AF10: carrying?
A11: Parent 1 | B11: =$B$3 | C11: =INDEX(Plants!C:C,MATCH($B$3,Plants!$A:$A,0)) | D11: =INDEX(Plants!D:D,MATCH($B$3,Plants!$A:$A,0)) | E11: =INDEX(Plants!E:E,MATCH($B$3,Plants!$A:$A,0)) | F11: =INDEX(Plants!F:F,MATCH($B$3,Plants!$A:$A,0)) | G11: =INDEX(Plants!G:G,MATCH($B$3,Plants!$A:$A,0)) | H11: =INDEX(Plants!H:H,MATCH($B$3,Plants!$A:$A,0)) | I11: =INDEX(Plants!I:I,MATCH($B$3,Plants!$A:$A,0)) | J11: =INDEX(Plants!J:J,MATCH($B$3,Plants!$A:$A,0)) | K11: =INDEX(Plants!K:K,MATCH($B$3,Plants!$A:$A,0)) | L11: =INDEX(Plants!L:L,MATCH($B$3,Plants!$A:$A,0)) | M11: =INDEX(Plants!M:M,MATCH($B$3,Plants!$A:$A,0)) | N11: =INDEX(Plants!N:N,MATCH($B$3,Plants!$A:$A,0)) | O11: =INDEX(Plants!O:O,MATCH($B$3,Plants!$A:$A,0)) | P11: =INDEX(Plants!P:P,MATCH($B$3,Plants!$A:$A,0)) | Q11: =INDEX(Plants!Q:Q,MATCH($B$3,Plants!$A:$A,0)) | R11: =INDEX(Plants!R:R,MATCH($B$3,Plants!$A:$A,0)) | S11: =INDEX(Plants!S:S,MATCH($B$3,Plants!$A:$A,0)) | T11: =INDEX(Plants!T:T,MATCH($B$3,Plants!$A:$A,0)) | U11: =INDEX(Plants!U:U,MATCH($B$3,Plants!$A:$A,0)) | V11: =INDEX(Plants!V:V,MATCH($B$3,Plants!$A:$A,0)) | W11: =INDEX(Plants!W:W,MATCH($B$3,Plants!$A:$A,0)) | X11: =INDEX(Plants!X:X,MATCH($B$3,Plants!$A:$A,0)) | Y11: =SUM(C11:H11) | Z11: =SUM(I11:L11) | AA11: =SUM(M11:P11) | AB11: =IF(IF(Q11="F",3,IF(Q11="R",2,1))>=IF(R11="F",3,IF(R11="R",2,1)),Q11,R11) | AC11: =IF(OR(S11="T",T11="T"),"thorny","thornless") | AD11: =AVERAGE(U11,W11) | AE11: =AVERAGE(V11,X11) | AF11: =IF(OR(C11<>D11,E11<>F11,G11<>H11,I11<>J11,K11<>L11,M11<>N11,O11<>P11,Q11<>R11,S11<>T11,U11<>W11,V11<>X11),"carrying ?","true-breeding")
A12: Parent 2 | B12: =$B$4 | C12: =INDEX(Plants!C:C,MATCH($B$4,Plants!$A:$A,0)) | D12: =INDEX(Plants!D:D,MATCH($B$4,Plants!$A:$A,0)) | E12: =INDEX(Plants!E:E,MATCH($B$4,Plants!$A:$A,0)) | F12: =INDEX(Plants!F:F,MATCH($B$4,Plants!$A:$A,0)) | G12: =INDEX(Plants!G:G,MATCH($B$4,Plants!$A:$A,0)) | H12: =INDEX(Plants!H:H,MATCH($B$4,Plants!$A:$A,0)) | I12: =INDEX(Plants!I:I,MATCH($B$4,Plants!$A:$A,0)) | J12: =INDEX(Plants!J:J,MATCH($B$4,Plants!$A:$A,0)) | K12: =INDEX(Plants!K:K,MATCH($B$4,Plants!$A:$A,0)) | L12: =INDEX(Plants!L:L,MATCH($B$4,Plants!$A:$A,0)) | M12: =INDEX(Plants!M:M,MATCH($B$4,Plants!$A:$A,0)) | N12: =INDEX(Plants!N:N,MATCH($B$4,Plants!$A:$A,0)) | O12: =INDEX(Plants!O:O,MATCH($B$4,Plants!$A:$A,0)) | P12: =INDEX(Plants!P:P,MATCH($B$4,Plants!$A:$A,0)) | Q12: =INDEX(Plants!Q:Q,MATCH($B$4,Plants!$A:$A,0)) | R12: =INDEX(Plants!R:R,MATCH($B$4,Plants!$A:$A,0)) | S12: =INDEX(Plants!S:S,MATCH($B$4,Plants!$A:$A,0)) | T12: =INDEX(Plants!T:T,MATCH($B$4,Plants!$A:$A,0)) | U12: =INDEX(Plants!U:U,MATCH($B$4,Plants!$A:$A,0)) | V12: =INDEX(Plants!V:V,MATCH($B$4,Plants!$A:$A,0)) | W12: =INDEX(Plants!W:W,MATCH($B$4,Plants!$A:$A,0)) | X12: =INDEX(Plants!X:X,MATCH($B$4,Plants!$A:$A,0)) | Y12: =SUM(C12:H12) | Z12: =SUM(I12:L12) | AA12: =SUM(M12:P12) | AB12: =IF(IF(Q12="F",3,IF(Q12="R",2,1))>=IF(R12="F",3,IF(R12="R",2,1)),Q12,R12) | AC12: =IF(OR(S12="T",T12="T"),"thorny","thornless") | AD12: =AVERAGE(U12,W12) | AE12: =AVERAGE(V12,X12) | AF12: =IF(OR(C12<>D12,E12<>F12,G12<>H12,I12<>J12,K12<>L12,M12<>N12,O12<>P12,Q12<>R12,S12<>T12,U12<>W12,V12<>X12),"carrying ?","true-breeding")
A13: seed | B13: (keep me → Plants) | C13: H1a | D13: H1b | E13: H2a | F13: H2b | G13: H3a | H13: H3b | I13: S1a | J13: S1b | K13: S2a | L13: S2b | M13: C1a | N13: C1b | O13: C2a | P13: C2b | Q13: PFa | R13: PFb | S13: THa | T13: THb | U13: segA_hard | V13: segA_size | W13: segB_hard | X13: segB_size | Y13: hue (0-360) | Z13: sat (0-100) | AA13: scent (0-100) | AB13: petal | AC13: thorns | AD13: hardiness | AE13: flower_size | AF13: carrying? | AH13: rP1 | AI13: rC1 | AJ13: rP2 | AK13: rC2
A14: O1 | C14: =IF(RAND()<0.5,C11,D11) | D14: =IF(RAND()<0.5,C12,D12) | E14: =IF(RAND()<0.5,E11,F11) | F14: =IF(RAND()<0.5,E12,F12) | G14: =IF(RAND()<0.5,G11,H11) | H14: =IF(RAND()<0.5,G12,H12) | I14: =IF(RAND()<0.5,I11,J11) | J14: =IF(RAND()<0.5,I12,J12) | K14: =IF(RAND()<0.5,K11,L11) | L14: =IF(RAND()<0.5,K12,L12) | M14: =IF(RAND()<0.5,M11,N11) | N14: =IF(RAND()<0.5,M12,N12) | O14: =IF(RAND()<0.5,O11,P11) | P14: =IF(RAND()<0.5,O12,P12) | Q14: =IF(RAND()<0.5,Q11,R11) | R14: =IF(RAND()<0.5,Q12,R12) | S14: =IF(RAND()<0.5,S11,T11) | T14: =IF(RAND()<0.5,S12,T12) | U14: =IF(AH14<0.5,U11,W11) | V14: =IF(AI14<$B$5,IF(AH14<0.5,X11,V11),IF(AH14<0.5,V11,X11)) | W14: =IF(AJ14<0.5,U12,W12) | X14: =IF(AK14<$B$5,IF(AJ14<0.5,X12,V12),IF(AJ14<0.5,V12,X12)) | Y14: =ROUND(SUM(C14:H14)+(RAND()*2-1)*$B$6,0) | Z14: =ROUND(SUM(I14:L14)+(RAND()*2-1)*$B$6,0) | AA14: =ROUND(SUM(M14:P14)+(RAND()*2-1)*$B$6,0) | AB14: =IF(IF(Q14="F",3,IF(Q14="R",2,1))>=IF(R14="F",3,IF(R14="R",2,1)),Q14,R14) | AC14: =IF(OR(S14="T",T14="T"),"thorny","thornless") | AD14: =ROUND(AVERAGE(U14,W14)+(RAND()*2-1)*$B$6,0) | AE14: =ROUND(AVERAGE(V14,X14)+(RAND()*2-1)*$B$6,0) | AF14: =IF(OR(C14<>D14,E14<>F14,G14<>H14,I14<>J14,K14<>L14,M14<>N14,O14<>P14,Q14<>R14,S14<>T14,U14<>W14,V14<>X14),"carrying ?","true-breeding") | AH14: =RAND() | AI14: =RAND() | AJ14: =RAND() | AK14: =RAND()
A15: O2 | C15: =IF(RAND()<0.5,C11,D11) | D15: =IF(RAND()<0.5,C12,D12) | E15: =IF(RAND()<0.5,E11,F11) | F15: =IF(RAND()<0.5,E12,F12) | G15: =IF(RAND()<0.5,G11,H11) | H15: =IF(RAND()<0.5,G12,H12) | I15: =IF(RAND()<0.5,I11,J11) | J15: =IF(RAND()<0.5,I12,J12) | K15: =IF(RAND()<0.5,K11,L11) | L15: =IF(RAND()<0.5,K12,L12) | M15: =IF(RAND()<0.5,M11,N11) | N15: =IF(RAND()<0.5,M12,N12) | O15: =IF(RAND()<0.5,O11,P11) | P15: =IF(RAND()<0.5,O12,P12) | Q15: =IF(RAND()<0.5,Q11,R11) | R15: =IF(RAND()<0.5,Q12,R12) | S15: =IF(RAND()<0.5,S11,T11) | T15: =IF(RAND()<0.5,S12,T12) | U15: =IF(AH15<0.5,U11,W11) | V15: =IF(AI15<$B$5,IF(AH15<0.5,X11,V11),IF(AH15<0.5,V11,X11)) | W15: =IF(AJ15<0.5,U12,W12) | X15: =IF(AK15<$B$5,IF(AJ15<0.5,X12,V12),IF(AJ15<0.5,V12,X12)) | Y15: =ROUND(SUM(C15:H15)+(RAND()*2-1)*$B$6,0) | Z15: =ROUND(SUM(I15:L15)+(RAND()*2-1)*$B$6,0) | AA15: =ROUND(SUM(M15:P15)+(RAND()*2-1)*$B$6,0) | AB15: =IF(IF(Q15="F",3,IF(Q15="R",2,1))>=IF(R15="F",3,IF(R15="R",2,1)),Q15,R15) | AC15: =IF(OR(S15="T",T15="T"),"thorny","thornless") | AD15: =ROUND(AVERAGE(U15,W15)+(RAND()*2-1)*$B$6,0) | AE15: =ROUND(AVERAGE(V15,X15)+(RAND()*2-1)*$B$6,0) | AF15: =IF(OR(C15<>D15,E15<>F15,G15<>H15,I15<>J15,K15<>L15,M15<>N15,O15<>P15,Q15<>R15,S15<>T15,U15<>W15,V15<>X15),"carrying ?","true-breeding") | AH15: =RAND() | AI15: =RAND() | AJ15: =RAND() | AK15: =RAND()
A16: O3 | C16: =IF(RAND()<0.5,C11,D11) | D16: =IF(RAND()<0.5,C12,D12) | E16: =IF(RAND()<0.5,E11,F11) | F16: =IF(RAND()<0.5,E12,F12) | G16: =IF(RAND()<0.5,G11,H11) | H16: =IF(RAND()<0.5,G12,H12) | I16: =IF(RAND()<0.5,I11,J11) | J16: =IF(RAND()<0.5,I12,J12) | K16: =IF(RAND()<0.5,K11,L11) | L16: =IF(RAND()<0.5,K12,L12) | M16: =IF(RAND()<0.5,M11,N11) | N16: =IF(RAND()<0.5,M12,N12) | O16: =IF(RAND()<0.5,O11,P11) | P16: =IF(RAND()<0.5,O12,P12) | Q16: =IF(RAND()<0.5,Q11,R11) | R16: =IF(RAND()<0.5,Q12,R12) | S16: =IF(RAND()<0.5,S11,T11) | T16: =IF(RAND()<0.5,S12,T12) | U16: =IF(AH16<0.5,U11,W11) | V16: =IF(AI16<$B$5,IF(AH16<0.5,X11,V11),IF(AH16<0.5,V11,X11)) | W16: =IF(AJ16<0.5,U12,W12) | X16: =IF(AK16<$B$5,IF(AJ16<0.5,X12,V12),IF(AJ16<0.5,V12,X12)) | Y16: =ROUND(SUM(C16:H16)+(RAND()*2-1)*$B$6,0) | Z16: =ROUND(SUM(I16:L16)+(RAND()*2-1)*$B$6,0) | AA16: =ROUND(SUM(M16:P16)+(RAND()*2-1)*$B$6,0) | AB16: =IF(IF(Q16="F",3,IF(Q16="R",2,1))>=IF(R16="F",3,IF(R16="R",2,1)),Q16,R16) | AC16: =IF(OR(S16="T",T16="T"),"thorny","thornless") | AD16: =ROUND(AVERAGE(U16,W16)+(RAND()*2-1)*$B$6,0) | AE16: =ROUND(AVERAGE(V16,X16)+(RAND()*2-1)*$B$6,0) | AF16: =IF(OR(C16<>D16,E16<>F16,G16<>H16,I16<>J16,K16<>L16,M16<>N16,O16<>P16,Q16<>R16,S16<>T16,U16<>W16,V16<>X16),"carrying ?","true-breeding") | AH16: =RAND() | AI16: =RAND() | AJ16: =RAND() | AK16: =RAND()
A17: O4 | C17: =IF(RAND()<0.5,C11,D11) | D17: =IF(RAND()<0.5,C12,D12) | E17: =IF(RAND()<0.5,E11,F11) | F17: =IF(RAND()<0.5,E12,F12) | G17: =IF(RAND()<0.5,G11,H11) | H17: =IF(RAND()<0.5,G12,H12) | I17: =IF(RAND()<0.5,I11,J11) | J17: =IF(RAND()<0.5,I12,J12) | K17: =IF(RAND()<0.5,K11,L11) | L17: =IF(RAND()<0.5,K12,L12) | M17: =IF(RAND()<0.5,M11,N11) | N17: =IF(RAND()<0.5,M12,N12) | O17: =IF(RAND()<0.5,O11,P11) | P17: =IF(RAND()<0.5,O12,P12) | Q17: =IF(RAND()<0.5,Q11,R11) | R17: =IF(RAND()<0.5,Q12,R12) | S17: =IF(RAND()<0.5,S11,T11) | T17: =IF(RAND()<0.5,S12,T12) | U17: =IF(AH17<0.5,U11,W11) | V17: =IF(AI17<$B$5,IF(AH17<0.5,X11,V11),IF(AH17<0.5,V11,X11)) | W17: =IF(AJ17<0.5,U12,W12) | X17: =IF(AK17<$B$5,IF(AJ17<0.5,X12,V12),IF(AJ17<0.5,V12,X12)) | Y17: =ROUND(SUM(C17:H17)+(RAND()*2-1)*$B$6,0) | Z17: =ROUND(SUM(I17:L17)+(RAND()*2-1)*$B$6,0) | AA17: =ROUND(SUM(M17:P17)+(RAND()*2-1)*$B$6,0) | AB17: =IF(IF(Q17="F",3,IF(Q17="R",2,1))>=IF(R17="F",3,IF(R17="R",2,1)),Q17,R17) | AC17: =IF(OR(S17="T",T17="T"),"thorny","thornless") | AD17: =ROUND(AVERAGE(U17,W17)+(RAND()*2-1)*$B$6,0) | AE17: =ROUND(AVERAGE(V17,X17)+(RAND()*2-1)*$B$6,0) | AF17: =IF(OR(C17<>D17,E17<>F17,G17<>H17,I17<>J17,K17<>L17,M17<>N17,O17<>P17,Q17<>R17,S17<>T17,U17<>W17,V17<>X17),"carrying ?","true-breeding") | AH17: =RAND() | AI17: =RAND() | AJ17: =RAND() | AK17: =RAND()
A18: O5 | C18: =IF(RAND()<0.5,C11,D11) | D18: =IF(RAND()<0.5,C12,D12) | E18: =IF(RAND()<0.5,E11,F11) | F18: =IF(RAND()<0.5,E12,F12) | G18: =IF(RAND()<0.5,G11,H11) | H18: =IF(RAND()<0.5,G12,H12) | I18: =IF(RAND()<0.5,I11,J11) | J18: =IF(RAND()<0.5,I12,J12) | K18: =IF(RAND()<0.5,K11,L11) | L18: =IF(RAND()<0.5,K12,L12) | M18: =IF(RAND()<0.5,M11,N11) | N18: =IF(RAND()<0.5,M12,N12) | O18: =IF(RAND()<0.5,O11,P11) | P18: =IF(RAND()<0.5,O12,P12) | Q18: =IF(RAND()<0.5,Q11,R11) | R18: =IF(RAND()<0.5,Q12,R12) | S18: =IF(RAND()<0.5,S11,T11) | T18: =IF(RAND()<0.5,S12,T12) | U18: =IF(AH18<0.5,U11,W11) | V18: =IF(AI18<$B$5,IF(AH18<0.5,X11,V11),IF(AH18<0.5,V11,X11)) | W18: =IF(AJ18<0.5,U12,W12) | X18: =IF(AK18<$B$5,IF(AJ18<0.5,X12,V12),IF(AJ18<0.5,V12,X12)) | Y18: =ROUND(SUM(C18:H18)+(RAND()*2-1)*$B$6,0) | Z18: =ROUND(SUM(I18:L18)+(RAND()*2-1)*$B$6,0) | AA18: =ROUND(SUM(M18:P18)+(RAND()*2-1)*$B$6,0) | AB18: =IF(IF(Q18="F",3,IF(Q18="R",2,1))>=IF(R18="F",3,IF(R18="R",2,1)),Q18,R18) | AC18: =IF(OR(S18="T",T18="T"),"thorny","thornless") | AD18: =ROUND(AVERAGE(U18,W18)+(RAND()*2-1)*$B$6,0) | AE18: =ROUND(AVERAGE(V18,X18)+(RAND()*2-1)*$B$6,0) | AF18: =IF(OR(C18<>D18,E18<>F18,G18<>H18,I18<>J18,K18<>L18,M18<>N18,O18<>P18,Q18<>R18,S18<>T18,U18<>W18,V18<>X18),"carrying ?","true-breeding") | AH18: =RAND() | AI18: =RAND() | AJ18: =RAND() | AK18: =RAND()
